Workbook

Sheet Set 1
A1: Point | B1: CM render | C1: avg ⟨c⟩ (%) | D1: λ (nm) | E1: ="waves / "&Notes!$B$4&" nm" -> waves / 640 nm | F1: amp (±%) | G1: c min (%) | H1: c max (%) | I1: ML V1 stress | J1: SIM V1 stress | K1: Δ V1 | L1: ML V3 stress | M1: SIM V3 stress | N1: Δ V3 | O1: ML strain range | P1: SIM strain range | Q1: Δ strain (pp) | R1: ML loop area | S1: SIM loop area | T1: ML/SIM loop ratio | U1: loop rank Δ | V1: SIM max vf | W1: SIM cliff Δvf | X1: SIM residual strain | Y1: SIM notes | Z1: CM field (.vtk)
A2: 1 | C2: 51 | D2: 400 | E2: =Notes!$B$4/D2 -> 1.6 | F2: 0.56 | G2: =C2+F2*IF(E2>=0.75,-1,MIN(0,SIN(2*PI()*E2))) -> 50.44 | H2: =C2+F2*IF(E2>=0.25,1,SIN(2*PI()*E2)) -> 51.56 | I2: 1421.1581 | K2: =IF(AND(ISNUMBER(J2),ISNUMBER(I2)),J2-I2,"") | L2: 1746.4411 | N2: =IF(AND(ISNUMBER(M2),ISNUMBER(L2)),M2-L2,"") | O2: 7.550116 | Q2: =IF(AND(ISNUMBER(P2),ISNUMBER(O2)),P2-O2,"") | R2: 263.95909 | T2: =IF(AND(ISNUMBER(S2),ISNUMBER(R2)),IF(S2<>0,R2/S2,""),"") | U2: =IF(COUNT(S$2:S$11)=ROWS(S$2:S$11),RANK(R2,R$2:R$11,1)-RANK(S2,S$2:S$11,1),"") | Z2: ="set1_pt"&A2&".vtk" -> set1_pt1.vtk
A3: 2 | C3: 51 | D3: 960 | E3: =Notes!$B$4/D3 -> 0.66666667 | F3: 0.52 | G3: =C3+F3*IF(E3>=0.75,-1,MIN(0,SIN(2*PI()*E3))) -> 50.549667 | H3: =C3+F3*IF(E3>=0.25,1,SIN(2*PI()*E3)) -> 51.52 | I3: 1380.3237 | K3: =IF(AND(ISNUMBER(J3),ISNUMBER(I3)),J3-I3,"") | L3: 1744.4653 | N3: =IF(AND(ISNUMBER(M3),ISNUMBER(L3)),M3-L3,"") | O3: 7.6135353 | Q3: =IF(AND(ISNUMBER(P3),ISNUMBER(O3)),P3-O3,"") | R3: 543.22723 | T3: =IF(AND(ISNUMBER(S3),ISNUMBER(R3)),IF(S3<>0,R3/S3,""),"") | U3: =IF(COUNT(S$2:S$11)=ROWS(S$2:S$11),RANK(R3,R$2:R$11,1)-RANK(S3,S$2:S$11,1),"") | Z3: ="set1_pt"&A3&".vtk" -> set1_pt2.vtk
A4: 3 | C4: 51 | D4: 480 | E4: =Notes!$B$4/D4 -> 1.3333333 | F4: 0.52 | G4: =C4+F4*IF(E4>=0.75,-1,MIN(0,SIN(2*PI()*E4))) -> 50.48 | H4: =C4+F4*IF(E4>=0.25,1,SIN(2*PI()*E4)) -> 51.52 | I4: 1408.2989 | K4: =IF(AND(ISNUMBER(J4),ISNUMBER(I4)),J4-I4,"") | L4: 1745.713 | N4: =IF(AND(ISNUMBER(M4),ISNUMBER(L4)),M4-L4,"") | O4: 7.633084 | Q4: =IF(AND(ISNUMBER(P4),ISNUMBER(O4)),P4-O4,"") | R4: 632.07201 | T4: =IF(AND(ISNUMBER(S4),ISNUMBER(R4)),IF(S4<>0,R4/S4,""),"") | U4: =IF(COUNT(S$2:S$11)=ROWS(S$2:S$11),RANK(R4,R$2:R$11,1)-RANK(S4,S$2:S$11,1),"") | Z4: ="set1_pt"&A4&".vtk" -> set1_pt3.vtk
A5: 4 | C5: 51 | D5: 240 | E5: =Notes!$B$4/D5 -> 2.6666667 | F5: 0.52 | G5: =C5+F5*IF(E5>=0.75,-1,MIN(0,SIN(2*PI()*E5))) -> 50.48 | H5: =C5+F5*IF(E5>=0.25,1,SIN(2*PI()*E5)) -> 51.52 | I5: 1409.0671 | K5: =IF(AND(ISNUMBER(J5),ISNUMBER(I5)),J5-I5,"") | L5: 1746.4168 | N5: =IF(AND(ISNUMBER(M5),ISNUMBER(L5)),M5-L5,"") | O5: 7.629357 | Q5: =IF(AND(ISNUMBER(P5),ISNUMBER(O5)),P5-O5,"") | R5: 650.2011 | T5: =IF(AND(ISNUMBER(S5),ISNUMBER(R5)),IF(S5<>0,R5/S5,""),"") | U5: =IF(COUNT(S$2:S$11)=ROWS(S$2:S$11),RANK(R5,R$2:R$11,1)-RANK(S5,S$2:S$11,1),"") | Z5: ="set1_pt"&A5&".vtk" -> set1_pt4.vtk
A6: 5 | C6: 50.95 | D6: 240 | E6: =Notes!$B$4/D6 -> 2.6666667 | F6: 0.52 | G6: =C6+F6*IF(E6>=0.75,-1,MIN(0,SIN(2*PI()*E6))) -> 50.43 | H6: =C6+F6*IF(E6>=0.25,1,SIN(2*PI()*E6)) -> 51.47 | I6: 1407.4994 | K6: =IF(AND(ISNUMBER(J6),ISNUMBER(I6)),J6-I6,"") | L6: 1746.3786 | N6: =IF(AND(ISNUMBER(M6),ISNUMBER(L6)),M6-L6,"") | O6: 7.633842 | Q6: =IF(AND(ISNUMBER(P6),ISNUMBER(O6)),P6-O6,"") | R6: 656.43071 | T6: =IF(AND(ISNUMBER(S6),ISNUMBER(R6)),IF(S6<>0,R6/S6,""),"") | U6: =IF(COUNT(S$2:S$11)=ROWS(S$2:S$11),RANK(R6,R$2:R$11,1)-RANK(S6,S$2:S$11,1),"") | Z6: ="set1_pt"&A6&".vtk" -> set1_pt5.vtk
A7: 6 | C7: 50.95 | D7: 320 | E7: =Notes!$B$4/D7 -> 2 | F7: 0.52 | G7: =C7+F7*IF(E7>=0.75,-1,MIN(0,SIN(2*PI()*E7))) -> 50.43 | H7: =C7+F7*IF(E7>=0.25,1,SIN(2*PI()*E7)) -> 51.47 | I7: 1407.2996 | K7: =IF(AND(ISNUMBER(J7),ISNUMBER(I7)),J7-I7,"") | L7: 1745.6519 | N7: =IF(AND(ISNUMBER(M7),ISNUMBER(L7)),M7-L7,"") | O7: 7.645925 | Q7: =IF(AND(ISNUMBER(P7),ISNUMBER(O7)),P7-O7,"") | R7: 661.92249 | T7: =IF(AND(ISNUMBER(S7),ISNUMBER(R7)),IF(S7<>0,R7/S7,""),"") | U7: =IF(COUNT(S$2:S$11)=ROWS(S$2:S$11),RANK(R7,R$2:R$11,1)-RANK(S7,S$2:S$11,1),"") | Z7: ="set1_pt"&A7&".vtk" -> set1_pt6.vtk
A8: 7 | C8: 51 | D8: 240 | E8: =Notes!$B$4/D8 -> 2.6666667 | F8: 0.4 | G8: =C8+F8*IF(E8>=0.75,-1,MIN(0,SIN(2*PI()*E8))) -> 50.6 | H8: =C8+F8*IF(E8>=0.25,1,SIN(2*PI()*E8)) -> 51.4 | I8: 1409.2173 | K8: =IF(AND(ISNUMBER(J8),ISNUMBER(I8)),J8-I8,"") | L8: 1746.5371 | N8: =IF(AND(ISNUMBER(M8),ISNUMBER(L8)),M8-L8,"") | O8: 7.642663 | Q8: =IF(AND(ISNUMBER(P8),ISNUMBER(O8)),P8-O8,"") | R8: 722.73564 | T8: =IF(AND(ISNUMBER(S8),ISNUMBER(R8)),IF(S8<>0,R8/S8,""),"") | U8: =IF(COUNT(S$2:S$11)=ROWS(S$2:S$11),RANK(R8,R$2:R$11,1)-RANK(S8,S$2:S$11,1),"") | Z8: ="set1_pt"&A8&".vtk" -> set1_pt7.vtk
A9: 8 | C9: 50.95 | D9: 240 | E9: =Notes!$B$4/D9 -> 2.6666667 | F9: 0.48 | G9: =C9+F9*IF(E9>=0.75,-1,MIN(0,SIN(2*PI()*E9))) -> 50.47 | H9: =C9+F9*IF(E9>=0.25,1,SIN(2*PI()*E9)) -> 51.43 | I9: 1402.5386 | K9: =IF(AND(ISNUMBER(J9),ISNUMBER(I9)),J9-I9,"") | L9: 1746.1744 | N9: =IF(AND(ISNUMBER(M9),ISNUMBER(L9)),M9-L9,"") | O9: 7.648959 | Q9: =IF(AND(ISNUMBER(P9),ISNUMBER(O9)),P9-O9,"") | R9: 731.73471 | T9: =IF(AND(ISNUMBER(S9),ISNUMBER(R9)),IF(S9<>0,R9/S9,""),"") | U9: =IF(COUNT(S$2:S$11)=ROWS(S$2:S$11),RANK(R9,R$2:R$11,1)-RANK(S9,S$2:S$11,1),"") | Z9: ="set1_pt"&A9&".vtk" -> set1_pt8.vtk
A10: 9 | C10: 51 | D10: 160 | E10: =Notes!$B$4/D10 -> 4 | F10: 0.48 | G10: =C10+F10*IF(E10>=0.75,-1,MIN(0,SIN(2*PI()*E10))) -> 50.52 | H10: =C10+F10*IF(E10>=0.25,1,SIN(2*PI()*E10)) -> 51.48 | I10: 1403.6992 | K10: =IF(AND(ISNUMBER(J10),ISNUMBER(I10)),J10-I10,"") | L10: 1749.6313 | N10: =IF(AND(ISNUMBER(M10),ISNUMBER(L10)),M10-L10,"") | O10: 7.643113 | Q10: =IF(AND(ISNUMBER(P10),ISNUMBER(O10)),P10-O10,"") | R10: 741.85924 | T10: =IF(AND(ISNUMBER(S10),ISNUMBER(R10)),IF(S10<>0,R10/S10,""),"") | U10: =IF(COUNT(S$2:S$11)=ROWS(S$2:S$11),RANK(R10,R$2:R$11,1)-RANK(S10,S$2:S$11,1),"") | Z10: ="set1_pt"&A10&".vtk" -> set1_pt9.vtk
A11: 10 | C11: 51 | D11: 160 | E11: =Notes!$B$4/D11 -> 4 | F11: 0.44 | G11: =C11+F11*IF(E11>=0.75,-1,MIN(0,SIN(2*PI()*E11))) -> 50.56 | H11: =C11+F11*IF(E11>=0.25,1,SIN(2*PI()*E11)) -> 51.44 | I11: 1404.6059 | K11: =IF(AND(ISNUMBER(J11),ISNUMBER(I11)),J11-I11,"") | L11: 1749.6529 | N11: =IF(AND(ISNUMBER(M11),ISNUMBER(L11)),M11-L11,"") | O11: 7.644977 | Q11: =IF(AND(ISNUMBER(P11),ISNUMBER(O11)),P11-O11,"") | R11: 749.67859 | T11: =IF(AND(ISNUMBER(S11),ISNUMBER(R11)),IF(S11<>0,R11/S11,""),"") | U11: =IF(COUNT(S$2:S$11)=ROWS(S$2:S$11),RANK(R11,R$2:R$11,1)-RANK(S11,S$2:S$11,1),"") | Z11: ="set1_pt"&A11&".vtk" -> set1_pt10.vtk

Sheet Set 2
A1: Point | B1: CM render | C1: avg ⟨c⟩ (%) | D1: λ (nm) | E1: ="waves / "&Notes!$B$5&" nm" -> waves / 1280 nm | F1: amp (±%) | G1: c min (%) | H1: c max (%) | I1: ML V1 stress | J1: SIM V1 stress | K1: Δ V1 | L1: ML V3 stress | M1: SIM V3 stress | N1: Δ V3 | O1: ML strain range | P1: SIM strain range | Q1: Δ strain (pp) | R1: ML loop area | S1: SIM loop area | T1: ML/SIM loop ratio | U1: loop rank Δ | V1: SIM max vf | W1: SIM cliff Δvf | X1: SIM residual strain | Y1: SIM notes | Z1: CM field (.vtk)
A2: 1 | C2: 50.55 | D2: 80 | E2: =Notes!$B$5/D2 -> 16 | F2: 0.88 | G2: =C2+F2*IF(E2>=0.75,-1,MIN(0,SIN(2*PI()*E2))) -> 49.67 | H2: =C2+F2*IF(E2>=0.25,1,SIN(2*PI()*E2)) -> 51.43 | I2: 252.94148 | K2: =IF(AND(ISNUMBER(J2),ISNUMBER(I2)),J2-I2,"") | L2: 1272.7768 | N2: =IF(AND(ISNUMBER(M2),ISNUMBER(L2)),M2-L2,"") | O2: 7.51739 | Q2: =IF(AND(ISNUMBER(P2),ISNUMBER(O2)),P2-O2,"") | R2: 194.0374 | T2: =IF(AND(ISNUMBER(S2),ISNUMBER(R2)),IF(S2<>0,R2/S2,""),"") | U2: =IF(COUNT(S$2:S$11)=ROWS(S$2:S$11),RANK(R2,R$2:R$11,1)-RANK(S2,S$2:S$11,1),"") | Z2: ="set2_pt"&A2&".vtk" -> set2_pt1.vtk
A3: 2 | C3: 50.55 | D3: 320 | E3: =Notes!$B$5/D3 -> 4 | F3: 0.92 | G3: =C3+F3*IF(E3>=0.75,-1,MIN(0,SIN(2*PI()*E3))) -> 49.63 | H3: =C3+F3*IF(E3>=0.25,1,SIN(2*PI()*E3)) -> 51.47 | I3: 252.93298 | K3: =IF(AND(ISNUMBER(J3),ISNUMBER(I3)),J3-I3,"") | L3: 1271.9578 | N3: =IF(AND(ISNUMBER(M3),ISNUMBER(L3)),M3-L3,"") | O3: 7.51648 | Q3: =IF(AND(ISNUMBER(P3),ISNUMBER(O3)),P3-O3,"") | R3: 194.39832 | T3: =IF(AND(ISNUMBER(S3),ISNUMBER(R3)),IF(S3<>0,R3/S3,""),"") | U3: =IF(COUNT(S$2:S$11)=ROWS(S$2:S$11),RANK(R3,R$2:R$11,1)-RANK(S3,S$2:S$11,1),"") | Z3: ="set2_pt"&A3&".vtk" -> set2_pt2.vtk
A4: 3 | C4: 50.55 | D4: 240 | E4: =Notes!$B$5/D4 -> 5.3333333 | F4: 0.8 | G4: =C4+F4*IF(E4>=0.75,-1,MIN(0,SIN(2*PI()*E4))) -> 49.75 | H4: =C4+F4*IF(E4>=0.25,1,SIN(2*PI()*E4)) -> 51.35 | I4: 252.94148 | K4: =IF(AND(ISNUMBER(J4),ISNUMBER(I4)),J4-I4,"") | L4: 1274.3602 | N4: =IF(AND(ISNUMBER(M4),ISNUMBER(L4)),M4-L4,"") | O4: 7.518203 | Q4: =IF(AND(ISNUMBER(P4),ISNUMBER(O4)),P4-O4,"") | R4: 195.04844 | T4: =IF(AND(ISNUMBER(S4),ISNUMBER(R4)),IF(S4<>0,R4/S4,""),"") | U4: =IF(COUNT(S$2:S$11)=ROWS(S$2:S$11),RANK(R4,R$2:R$11,1)-RANK(S4,S$2:S$11,1),"") | Z4: ="set2_pt"&A4&".vtk" -> set2_pt3.vtk
A5: 4 | C5: 50.55 | D5: 640 | E5: =Notes!$B$5/D5 -> 2 | F5: 1 | G5: =C5+F5*IF(E5>=0.75,-1,MIN(0,SIN(2*PI()*E5))) -> 49.55 | H5: =C5+F5*IF(E5>=0.25,1,SIN(2*PI()*E5)) -> 51.55 | I5: 244.38159 | K5: =IF(AND(ISNUMBER(J5),ISNUMBER(I5)),J5-I5,"") | L5: 1240.5752 | N5: =IF(AND(ISNUMBER(M5),ISNUMBER(L5)),M5-L5,"") | O5: 7.540083 | Q5: =IF(AND(ISNUMBER(P5),ISNUMBER(O5)),P5-O5,"") | R5: 265.16502 | T5: =IF(AND(ISNUMBER(S5),ISNUMBER(R5)),IF(S5<>0,R5/S5,""),"") | U5: =IF(COUNT(S$2:S$11)=ROWS(S$2:S$11),RANK(R5,R$2:R$11,1)-RANK(S5,S$2:S$11,1),"") | Z5: ="set2_pt"&A5&".vtk" -> set2_pt4.vtk
A6: 5 | C6: 50.55 | D6: 480 | E6: =Notes!$B$5/D6 -> 2.6666667 | F6: 0.92 | G6: =C6+F6*IF(E6>=0.75,-1,MIN(0,SIN(2*PI()*E6))) -> 49.63 | H6: =C6+F6*IF(E6>=0.25,1,SIN(2*PI()*E6)) -> 51.47 | I6: 244.51094 | K6: =IF(AND(ISNUMBER(J6),ISNUMBER(I6)),J6-I6,"") | L6: 1241.4382 | N6: =IF(AND(ISNUMBER(M6),ISNUMBER(L6)),M6-L6,"") | O6: 7.543102 | Q6: =IF(AND(ISNUMBER(P6),ISNUMBER(O6)),P6-O6,"") | R6: 265.45253 | T6: =IF(AND(ISNUMBER(S6),ISNUMBER(R6)),IF(S6<>0,R6/S6,""),"") | U6: =IF(COUNT(S$2:S$11)=ROWS(S$2:S$11),RANK(R6,R$2:R$11,1)-RANK(S6,S$2:S$11,1),"") | Z6: ="set2_pt"&A6&".vtk" -> set2_pt5.vtk
A7: 6 | C7: 50.55 | D7: 640 | E7: =Notes!$B$5/D7 -> 2 | F7: 0.8 | G7: =C7+F7*IF(E7>=0.75,-1,MIN(0,SIN(2*PI()*E7))) -> 49.75 | H7: =C7+F7*IF(E7>=0.25,1,SIN(2*PI()*E7)) -> 51.35 | I7: 244.51849 | K7: =IF(AND(ISNUMBER(J7),ISNUMBER(I7)),J7-I7,"") | L7: 1244.0118 | N7: =IF(AND(ISNUMBER(M7),ISNUMBER(L7)),M7-L7,"") | O7: 7.544825 | Q7: =IF(AND(ISNUMBER(P7),ISNUMBER(O7)),P7-O7,"") | R7: 266.13005 | T7: =IF(AND(ISNUMBER(S7),ISNUMBER(R7)),IF(S7<>0,R7/S7,""),"") | U7: =IF(COUNT(S$2:S$11)=ROWS(S$2:S$11),RANK(R7,R$2:R$11,1)-RANK(S7,S$2:S$11,1),"") | Z7: ="set2_pt"&A7&".vtk" -> set2_pt6.vtk
A8: 7 | C8: 50.55 | D8: 1280 | E8: =Notes!$B$5/D8 -> 1 | F8: 0.68 | G8: =C8+F8*IF(E8>=0.75,-1,MIN(0,SIN(2*PI()*E8))) -> 49.87 | H8: =C8+F8*IF(E8>=0.25,1,SIN(2*PI()*E8)) -> 51.23 | I8: 312.7947 | K8: =IF(AND(ISNUMBER(J8),ISNUMBER(I8)),J8-I8,"") | L8: 1161.088 | N8: =IF(AND(ISNUMBER(M8),ISNUMBER(L8)),M8-L8,"") | O8: 7.66023 | Q8: =IF(AND(ISNUMBER(P8),ISNUMBER(O8)),P8-O8,"") | R8: 612.72763 | T8: =IF(AND(ISNUMBER(S8),ISNUMBER(R8)),IF(S8<>0,R8/S8,""),"") | U8: =IF(COUNT(S$2:S$11)=ROWS(S$2:S$11),RANK(R8,R$2:R$11,1)-RANK(S8,S$2:S$11,1),"") | Z8: ="set2_pt"&A8&".vtk" -> set2_pt7.vtk
A9: 8 | C9: 50.55 | D9: 1040 | E9: =Notes!$B$5/D9 -> 1.2307692 | F9: 0.56 | G9: =C9+F9*IF(E9>=0.75,-1,MIN(0,SIN(2*PI()*E9))) -> 49.99 | H9: =C9+F9*IF(E9>=0.25,1,SIN(2*PI()*E9)) -> 51.11 | I9: 312.7947 | K9: =IF(AND(ISNUMBER(J9),ISNUMBER(I9)),J9-I9,"") | L9: 1161.7494 | N9: =IF(AND(ISNUMBER(M9),ISNUMBER(L9)),M9-L9,"") | O9: 7.660533 | Q9: =IF(AND(ISNUMBER(P9),ISNUMBER(O9)),P9-O9,"") | R9: 613.00245 | T9: =IF(AND(ISNUMBER(S9),ISNUMBER(R9)),IF(S9<>0,R9/S9,""),"") | U9: =IF(COUNT(S$2:S$11)=ROWS(S$2:S$11),RANK(R9,R$2:R$11,1)-RANK(S9,S$2:S$11,1),"") | Z9: ="set2_pt"&A9&".vtk" -> set2_pt8.vtk
A10: 9 | C10: 50.55 | D10: 720 | E10: =Notes!$B$5/D10 -> 1.7777778 | F10: 0.6 | G10: =C10+F10*IF(E10>=0.75,-1,MIN(0,SIN(2*PI()*E10))) -> 49.95 | H10: =C10+F10*IF(E10>=0.25,1,SIN(2*PI()*E10)) -> 51.15 | I10: 365.19391 | K10: =IF(AND(ISNUMBER(J10),ISNUMBER(I10)),J10-I10,"") | L10: 1153.3215 | N10: =IF(AND(ISNUMBER(M10),ISNUMBER(L10)),M10-L10,"") | O10: 7.677769 | Q10: =IF(AND(ISNUMBER(P10),ISNUMBER(O10)),P10-O10,"") | R10: 646.38218 | T10: =IF(AND(ISNUMBER(S10),ISNUMBER(R10)),IF(S10<>0,R10/S10,""),"") | U10: =IF(COUNT(S$2:S$11)=ROWS(S$2:S$11),RANK(R10,R$2:R$11,1)-RANK(S10,S$2:S$11,1),"") | Z10: ="set2_pt"&A10&".vtk" -> set2_pt9.vtk
A11: 10 | C11: 50.55 | D11: 720 | E11: =Notes!$B$5/D11 -> 1.7777778 | F11: 0.04 | G11: =C11+F11*IF(E11>=0.75,-1,MIN(0,SIN(2*PI()*E11))) -> 50.51 | H11: =C11+F11*IF(E11>=0.25,1,SIN(2*PI()*E11)) -> 50.59 | I11: 365.19391 | K11: =IF(AND(ISNUMBER(J11),ISNUMBER(I11)),J11-I11,"") | L11: 1147.9992 | N11: =IF(AND(ISNUMBER(M11),ISNUMBER(L11)),M11-L11,"") | O11: 7.680507 | Q11: =IF(AND(ISNUMBER(P11),ISNUMBER(O11)),P11-O11,"") | R11: 655.71158 | T11: =IF(AND(ISNUMBER(S11),ISNUMBER(R11)),IF(S11<>0,R11/S11,""),"") | U11: =IF(COUNT(S$2:S$11)=ROWS(S$2:S$11),RANK(R11,R$2:R$11,1)-RANK(S11,S$2:S$11,1),"") | Z11: ="set2_pt"&A11&".vtk" -> set2_pt10.vtk

Sheet Notes
A1: CM sweep, Sets 1 and 2: notes, assumptions and legend
A2: Layout follows Aum's 2D sweep sheet. ML columns, avg/λ/amp and renders are filled in; SIM columns are blank until the 3D results are added.
A3: Parameters (edit here)
A4: Set 1 domain length L (nm) | B4: 640 | C4: Assumption: taken from the 'waves / 640 nm' column header in Aum's 2D sweep sheet. Confirm for the 3D set 1 runs.
A5: Set 2 domain length L (nm) | B5: 1280 | C5: Assumption: sine.m uses Ny = 1280 grid points along y (1 nm spacing assumed) for set2_pt7. Confirm it is the same for all 10 set 2 points.
A7: Legend
A8: Blue text | C8: Hardcoded input (Shanghai ML values, avg, λ, amp, or a value you type in).
A9: Black text, grey fill | C9: Formula. Do not overwrite.
A10: Blue text, yellow fill | C10: Cell to fill in: the SIM columns. Everything that depends on them (Δ columns, loop ratio, loop rank Δ) fills itself in.
A12: Column definitions
A13: avg, λ, amp | C13: From set1.csv / set2.csv (Shanghai ML inputs). Float noise removed: 50.99999999999994 → 51.00, 0.39999999999999997 → 0.40, 0.6000000000000001 → 0.60.
A14: waves / L nm | C14: L ÷ λ, with L from the parameters above.
A15: c min, c max | C15: avg ∓ amp when the domain holds enough of a wave to reach the peak/trough, otherwise the sine value at the end of the domain. Closed-form estimate of the field built in sine.m (c = avg + amp·sin(2πy/λ)). For set 1 point 2 (960 nm in 640 nm, 0.67 waves) this gives c min = 50.550; Aum's sheet lists 50.558. The 0.008 difference is probably grid sampling; every other point matches.
A16: ML V1 / V3 stress, strain range, loop area | C16: Shanghai ML predictions, copied unrounded from the CSVs. Units are not stated in the source files.
A17: SIM columns | C17: Blank. To be filled from the 3D phase-field cycles. Exact definitions (V1/V3 transformation stress, loop area, max vf, cliff Δvf, residual strain) to be confirmed against the post-processing scripts.
A18: Δ V1, Δ V3, Δ strain (pp) | C18: SIM − ML. Blank until the SIM value is filled in. (Check against Aum's sample: 572 − 1421 = −850 after rounding.)
A19: ML/SIM loop ratio | C19: ML loop area ÷ SIM loop area.
A20: loop rank Δ | C20: Rank of ML loop area minus rank of SIM loop area, both ascending within the 10 points of the set. Shown only when all 10 SIM loop areas are filled in. Reverse-engineered from Aum's sample, where it reproduces all 10 values.
A21: CM field (.vtk) | C21: set<N>_pt<point>.vtk, inferred from the write_vtk call in sine.m ('set2_pt7.vtk'). Aum's sheet uses a longer path pattern.
A22: CM render | C22: ParaView renders from VTK_Field_Report.xlsx, one per point. They appear to be auto-scaled to each field's own range, so amplitude differences between points are not visible.
A24: Format example for the SIM columns (illustrative only)
A25: Source of the example values | C25: Aum's 2D sweep sheet, set 1 point 1. Shown only so you can see the expected number format; it is not entered in the Set 1 sheet.
A26: SIM V1 stress | B26: 572
A27: SIM V3 stress | B27: 796
A28: SIM strain range | B28: 4.95
A29: SIM loop area | B29: 5.57
A30: SIM max vf | B30: 0.931
A31: SIM cliff Δvf | B31: 0.618
A32: SIM residual strain | B32: 0.000178
A34: Open items
A35: • | C35: Report 2: the whole of set 1 is being re-run at about triple the stress resolution, so set 1 SIM values will change once that finishes.
A36: • | C36: Report 2: set 2 will need its own load steps (its 0.04% amplitude point is close to a uniform composition).
A37: • | C37: Confirm the domain lengths above and the .vtk naming.
